file,class,method,variable,usage
D:\UNIVERSIDAD\TFG\Repositorio\java-bullshifier-master\proyectoExtenso\src\main\java\generated\aadsj\fraix\bwdyv\mxmiu\bhiiw\Class001578.java,generated.aadsj.fraix.bwdyv.mxmiu.bhiiw.Class001578,method006/1[helpers.Context],classId,1
D:\UNIVERSIDAD\TFG\Repositorio\java-bullshifier-master\proyectoExtenso\src\main\java\generated\aadsj\fraix\bwdyv\mxmiu\bhiiw\Class001578.java,generated.aadsj.fraix.bwdyv.mxmiu.bhiiw.Class001578,method006/1[helpers.Context],dateFormat,1
D:\UNIVERSIDAD\TFG\Repositorio\java-bullshifier-master\proyectoExtenso\src\main\java\generated\aadsj\fraix\bwdyv\mxmiu\bhiiw\Class001578.java,generated.aadsj.fraix.bwdyv.mxmiu.bhiiw.Class001578,method006/1[helpers.Context],logger,3
D:\UNIVERSIDAD\TFG\Repositorio\java-bullshifier-master\proyectoExtenso\src\main\java\generated\aadsj\fraix\bwdyv\mxmiu\bhiiw\Class001578.java,generated.aadsj.fraix.bwdyv.mxmiu.bhiiw.Class001578,method008/1[helpers.Context],classId,1
D:\UNIVERSIDAD\TFG\Repositorio\java-bullshifier-master\proyectoExtenso\src\main\java\generated\aadsj\fraix\bwdyv\mxmiu\bhiiw\Class001578.java,generated.aadsj.fraix.bwdyv.mxmiu.bhiiw.Class001578,method008/1[helpers.Context],dateFormat,1
D:\UNIVERSIDAD\TFG\Repositorio\java-bullshifier-master\proyectoExtenso\src\main\java\generated\aadsj\fraix\bwdyv\mxmiu\bhiiw\Class001578.java,generated.aadsj.fraix.bwdyv.mxmiu.bhiiw.Class001578,method008/1[helpers.Context],logger,3
D:\UNIVERSIDAD\TFG\Repositorio\java-bullshifier-master\proyectoExtenso\src\main\java\generated\aadsj\fraix\bwdyv\mxmiu\bhiiw\Class001578.java,generated.aadsj.fraix.bwdyv.mxmiu.bhiiw.Class001578,method000/1[helpers.Context],classId,1
D:\UNIVERSIDAD\TFG\Repositorio\java-bullshifier-master\proyectoExtenso\src\main\java\generated\aadsj\fraix\bwdyv\mxmiu\bhiiw\Class001578.java,generated.aadsj.fraix.bwdyv.mxmiu.bhiiw.Class001578,method000/1[helpers.Context],dateFormat,1
D:\UNIVERSIDAD\TFG\Repositorio\java-bullshifier-master\proyectoExtenso\src\main\java\generated\aadsj\fraix\bwdyv\mxmiu\bhiiw\Class001578.java,generated.aadsj.fraix.bwdyv.mxmiu.bhiiw.Class001578,method000/1[helpers.Context],logger,3
D:\UNIVERSIDAD\TFG\Repositorio\java-bullshifier-master\proyectoExtenso\src\main\java\generated\aadsj\fraix\bwdyv\mxmiu\bhiiw\Class001578.java,generated.aadsj.fraix.bwdyv.mxmiu.bhiiw.Class001578,method001/1[helpers.Context],classId,1
D:\UNIVERSIDAD\TFG\Repositorio\java-bullshifier-master\proyectoExtenso\src\main\java\generated\aadsj\fraix\bwdyv\mxmiu\bhiiw\Class001578.java,generated.aadsj.fraix.bwdyv.mxmiu.bhiiw.Class001578,method001/1[helpers.Context],dateFormat,1
D:\UNIVERSIDAD\TFG\Repositorio\java-bullshifier-master\proyectoExtenso\src\main\java\generated\aadsj\fraix\bwdyv\mxmiu\bhiiw\Class001578.java,generated.aadsj.fraix.bwdyv.mxmiu.bhiiw.Class001578,method001/1[helpers.Context],logger,3
D:\UNIVERSIDAD\TFG\Repositorio\java-bullshifier-master\proyectoExtenso\src\main\java\generated\aadsj\fraix\bwdyv\mxmiu\bhiiw\Class001578.java,generated.aadsj.fraix.bwdyv.mxmiu.bhiiw.Class001578,method005/1[helpers.Context],classId,1
D:\UNIVERSIDAD\TFG\Repositorio\java-bullshifier-master\proyectoExtenso\src\main\java\generated\aadsj\fraix\bwdyv\mxmiu\bhiiw\Class001578.java,generated.aadsj.fraix.bwdyv.mxmiu.bhiiw.Class001578,method005/1[helpers.Context],dateFormat,1
D:\UNIVERSIDAD\TFG\Repositorio\java-bullshifier-master\proyectoExtenso\src\main\java\generated\aadsj\fraix\bwdyv\mxmiu\bhiiw\Class001578.java,generated.aadsj.fraix.bwdyv.mxmiu.bhiiw.Class001578,method005/1[helpers.Context],logger,3
D:\UNIVERSIDAD\TFG\Repositorio\java-bullshifier-master\proyectoExtenso\src\main\java\generated\aadsj\fraix\bwdyv\mxmiu\bhiiw\Class001578.java,generated.aadsj.fraix.bwdyv.mxmiu.bhiiw.Class001578,method004/1[helpers.Context],classId,1
D:\UNIVERSIDAD\TFG\Repositorio\java-bullshifier-master\proyectoExtenso\src\main\java\generated\aadsj\fraix\bwdyv\mxmiu\bhiiw\Class001578.java,generated.aadsj.fraix.bwdyv.mxmiu.bhiiw.Class001578,method004/1[helpers.Context],dateFormat,1
D:\UNIVERSIDAD\TFG\Repositorio\java-bullshifier-master\proyectoExtenso\src\main\java\generated\aadsj\fraix\bwdyv\mxmiu\bhiiw\Class001578.java,generated.aadsj.fraix.bwdyv.mxmiu.bhiiw.Class001578,method004/1[helpers.Context],logger,3
D:\UNIVERSIDAD\TFG\Repositorio\java-bullshifier-master\proyectoExtenso\src\main\java\generated\aadsj\fraix\bwdyv\mxmiu\bhiiw\Class001578.java,generated.aadsj.fraix.bwdyv.mxmiu.bhiiw.Class001578,method009/1[helpers.Context],classId,1
D:\UNIVERSIDAD\TFG\Repositorio\java-bullshifier-master\proyectoExtenso\src\main\java\generated\aadsj\fraix\bwdyv\mxmiu\bhiiw\Class001578.java,generated.aadsj.fraix.bwdyv.mxmiu.bhiiw.Class001578,method009/1[helpers.Context],dateFormat,1
D:\UNIVERSIDAD\TFG\Repositorio\java-bullshifier-master\proyectoExtenso\src\main\java\generated\aadsj\fraix\bwdyv\mxmiu\bhiiw\Class001578.java,generated.aadsj.fraix.bwdyv.mxmiu.bhiiw.Class001578,method009/1[helpers.Context],logger,3
D:\UNIVERSIDAD\TFG\Repositorio\java-bullshifier-master\proyectoExtenso\src\main\java\generated\aadsj\fraix\bwdyv\mxmiu\bhiiw\Class001578.java,generated.aadsj.fraix.bwdyv.mxmiu.bhiiw.Class001578,method002/1[helpers.Context],classId,1
D:\UNIVERSIDAD\TFG\Repositorio\java-bullshifier-master\proyectoExtenso\src\main\java\generated\aadsj\fraix\bwdyv\mxmiu\bhiiw\Class001578.java,generated.aadsj.fraix.bwdyv.mxmiu.bhiiw.Class001578,method002/1[helpers.Context],dateFormat,1
D:\UNIVERSIDAD\TFG\Repositorio\java-bullshifier-master\proyectoExtenso\src\main\java\generated\aadsj\fraix\bwdyv\mxmiu\bhiiw\Class001578.java,generated.aadsj.fraix.bwdyv.mxmiu.bhiiw.Class001578,method002/1[helpers.Context],logger,3
D:\UNIVERSIDAD\TFG\Repositorio\java-bullshifier-master\proyectoExtenso\src\main\java\generated\aadsj\fraix\bwdyv\mxmiu\bhiiw\Class001578.java,generated.aadsj.fraix.bwdyv.mxmiu.bhiiw.Class001578,method003/1[helpers.Context],classId,1
D:\UNIVERSIDAD\TFG\Repositorio\java-bullshifier-master\proyectoExtenso\src\main\java\generated\aadsj\fraix\bwdyv\mxmiu\bhiiw\Class001578.java,generated.aadsj.fraix.bwdyv.mxmiu.bhiiw.Class001578,method003/1[helpers.Context],dateFormat,1
D:\UNIVERSIDAD\TFG\Repositorio\java-bullshifier-master\proyectoExtenso\src\main\java\generated\aadsj\fraix\bwdyv\mxmiu\bhiiw\Class001578.java,generated.aadsj.fraix.bwdyv.mxmiu.bhiiw.Class001578,method003/1[helpers.Context],logger,3
D:\UNIVERSIDAD\TFG\Repositorio\java-bullshifier-master\proyectoExtenso\src\main\java\generated\aadsj\fraix\bwdyv\mxmiu\bhiiw\Class001578.java,generated.aadsj.fraix.bwdyv.mxmiu.bhiiw.Class001578,method007/1[helpers.Context],classId,1
D:\UNIVERSIDAD\TFG\Repositorio\java-bullshifier-master\proyectoExtenso\src\main\java\generated\aadsj\fraix\bwdyv\mxmiu\bhiiw\Class001578.java,generated.aadsj.fraix.bwdyv.mxmiu.bhiiw.Class001578,method007/1[helpers.Context],dateFormat,1
D:\UNIVERSIDAD\TFG\Repositorio\java-bullshifier-master\proyectoExtenso\src\main\java\generated\aadsj\fraix\bwdyv\mxmiu\bhiiw\Class001578.java,generated.aadsj.fraix.bwdyv.mxmiu.bhiiw.Class001578,method007/1[helpers.Context],logger,3
D:\UNIVERSIDAD\TFG\Repositorio\java-bullshifier-master\proyectoExtenso\src\main\java\generated\aatqb\bvhzq\khvfl\qblof\xeunf\Class000251.java,generated.aatqb.bvhzq.khvfl.qblof.xeunf.Class000251,method005/1[helpers.Context],classId,1
D:\UNIVERSIDAD\TFG\Repositorio\java-bullshifier-master\proyectoExtenso\src\main\java\generated\aatqb\bvhzq\khvfl\qblof\xeunf\Class000251.java,generated.aatqb.bvhzq.khvfl.qblof.xeunf.Class000251,method005/1[helpers.Context],dateFormat,1
D:\UNIVERSIDAD\TFG\Repositorio\java-bullshifier-master\proyectoExtenso\src\main\java\generated\aatqb\bvhzq\khvfl\qblof\xeunf\Class000251.java,generated.aatqb.bvhzq.khvfl.qblof.xeunf.Class000251,method005/1[helpers.Context],logger,3
D:\UNIVERSIDAD\TFG\Repositorio\java-bullshifier-master\proyectoExtenso\src\main\java\generated\aatqb\bvhzq\khvfl\qblof\xeunf\Class000251.java,generated.aatqb.bvhzq.khvfl.qblof.xeunf.Class000251,method000/1[helpers.Context],classId,1
D:\UNIVERSIDAD\TFG\Repositorio\java-bullshifier-master\proyectoExtenso\src\main\java\generated\aatqb\bvhzq\khvfl\qblof\xeunf\Class000251.java,generated.aatqb.bvhzq.khvfl.qblof.xeunf.Class000251,method000/1[helpers.Context],dateFormat,1
D:\UNIVERSIDAD\TFG\Repositorio\java-bullshifier-master\proyectoExtenso\src\main\java\generated\aatqb\bvhzq\khvfl\qblof\xeunf\Class000251.java,generated.aatqb.bvhzq.khvfl.qblof.xeunf.Class000251,method000/1[helpers.Context],logger,3
D:\UNIVERSIDAD\TFG\Repositorio\java-bullshifier-master\proyectoExtenso\src\main\java\generated\aatqb\bvhzq\khvfl\qblof\xeunf\Class000251.java,generated.aatqb.bvhzq.khvfl.qblof.xeunf.Class000251,method003/1[helpers.Context],classId,1
D:\UNIVERSIDAD\TFG\Repositorio\java-bullshifier-master\proyectoExtenso\src\main\java\generated\aatqb\bvhzq\khvfl\qblof\xeunf\Class000251.java,generated.aatqb.bvhzq.khvfl.qblof.xeunf.Class000251,method003/1[helpers.Context],dateFormat,1
D:\UNIVERSIDAD\TFG\Repositorio\java-bullshifier-master\proyectoExtenso\src\main\java\generated\aatqb\bvhzq\khvfl\qblof\xeunf\Class000251.java,generated.aatqb.bvhzq.khvfl.qblof.xeunf.Class000251,method003/1[helpers.Context],logger,3
D:\UNIVERSIDAD\TFG\Repositorio\java-bullshifier-master\proyectoExtenso\src\main\java\generated\aatqb\bvhzq\khvfl\qblof\xeunf\Class000251.java,generated.aatqb.bvhzq.khvfl.qblof.xeunf.Class000251,method007/1[helpers.Context],classId,1
D:\UNIVERSIDAD\TFG\Repositorio\java-bullshifier-master\proyectoExtenso\src\main\java\generated\aatqb\bvhzq\khvfl\qblof\xeunf\Class000251.java,generated.aatqb.bvhzq.khvfl.qblof.xeunf.Class000251,method007/1[helpers.Context],dateFormat,1
D:\UNIVERSIDAD\TFG\Repositorio\java-bullshifier-master\proyectoExtenso\src\main\java\generated\aatqb\bvhzq\khvfl\qblof\xeunf\Class000251.java,generated.aatqb.bvhzq.khvfl.qblof.xeunf.Class000251,method007/1[helpers.Context],logger,3
D:\UNIVERSIDAD\TFG\Repositorio\java-bullshifier-master\proyectoExtenso\src\main\java\generated\aatqb\bvhzq\khvfl\qblof\xeunf\Class000251.java,generated.aatqb.bvhzq.khvfl.qblof.xeunf.Class000251,method004/1[helpers.Context],classId,1
D:\UNIVERSIDAD\TFG\Repositorio\java-bullshifier-master\proyectoExtenso\src\main\java\generated\aatqb\bvhzq\khvfl\qblof\xeunf\Class000251.java,generated.aatqb.bvhzq.khvfl.qblof.xeunf.Class000251,method004/1[helpers.Context],dateFormat,1
D:\UNIVERSIDAD\TFG\Repositorio\java-bullshifier-master\proyectoExtenso\src\main\java\generated\aatqb\bvhzq\khvfl\qblof\xeunf\Class000251.java,generated.aatqb.bvhzq.khvfl.qblof.xeunf.Class000251,method004/1[helpers.Context],logger,3
D:\UNIVERSIDAD\TFG\Repositorio\java-bullshifier-master\proyectoExtenso\src\main\java\generated\aatqb\bvhzq\khvfl\qblof\xeunf\Class000251.java,generated.aatqb.bvhzq.khvfl.qblof.xeunf.Class000251,method009/1[helpers.Context],classId,1
D:\UNIVERSIDAD\TFG\Repositorio\java-bullshifier-master\proyectoExtenso\src\main\java\generated\aatqb\bvhzq\khvfl\qblof\xeunf\Class000251.java,generated.aatqb.bvhzq.khvfl.qblof.xeunf.Class000251,method009/1[helpers.Context],dateFormat,1
D:\UNIVERSIDAD\TFG\Repositorio\java-bullshifier-master\proyectoExtenso\src\main\java\generated\aatqb\bvhzq\khvfl\qblof\xeunf\Class000251.java,generated.aatqb.bvhzq.khvfl.qblof.xeunf.Class000251,method009/1[helpers.Context],logger,3
D:\UNIVERSIDAD\TFG\Repositorio\java-bullshifier-master\proyectoExtenso\src\main\java\generated\aatqb\bvhzq\khvfl\qblof\xeunf\Class000251.java,generated.aatqb.bvhzq.khvfl.qblof.xeunf.Class000251,method006/1[helpers.Context],classId,1
D:\UNIVERSIDAD\TFG\Repositorio\java-bullshifier-master\proyectoExtenso\src\main\java\generated\aatqb\bvhzq\khvfl\qblof\xeunf\Class000251.java,generated.aatqb.bvhzq.khvfl.qblof.xeunf.Class000251,method006/1[helpers.Context],dateFormat,1
D:\UNIVERSIDAD\TFG\Repositorio\java-bullshifier-master\proyectoExtenso\src\main\java\generated\aatqb\bvhzq\khvfl\qblof\xeunf\Class000251.java,generated.aatqb.bvhzq.khvfl.qblof.xeunf.Class000251,method006/1[helpers.Context],logger,3
D:\UNIVERSIDAD\TFG\Repositorio\java-bullshifier-master\proyectoExtenso\src\main\java\generated\aatqb\bvhzq\khvfl\qblof\xeunf\Class000251.java,generated.aatqb.bvhzq.khvfl.qblof.xeunf.Class000251,method001/1[helpers.Context],classId,1
D:\UNIVERSIDAD\TFG\Repositorio\java-bullshifier-master\proyectoExtenso\src\main\java\generated\aatqb\bvhzq\khvfl\qblof\xeunf\Class000251.java,generated.aatqb.bvhzq.khvfl.qblof.xeunf.Class000251,method001/1[helpers.Context],dateFormat,1
D:\UNIVERSIDAD\TFG\Repositorio\java-bullshifier-master\proyectoExtenso\src\main\java\generated\aatqb\bvhzq\khvfl\qblof\xeunf\Class000251.java,generated.aatqb.bvhzq.khvfl.qblof.xeunf.Class000251,method001/1[helpers.Context],logger,3
D:\UNIVERSIDAD\TFG\Repositorio\java-bullshifier-master\proyectoExtenso\src\main\java\generated\aatqb\bvhzq\khvfl\qblof\xeunf\Class000251.java,generated.aatqb.bvhzq.khvfl.qblof.xeunf.Class000251,method002/1[helpers.Context],classId,1
D:\UNIVERSIDAD\TFG\Repositorio\java-bullshifier-master\proyectoExtenso\src\main\java\generated\aatqb\bvhzq\khvfl\qblof\xeunf\Class000251.java,generated.aatqb.bvhzq.khvfl.qblof.xeunf.Class000251,method002/1[helpers.Context],dateFormat,1
D:\UNIVERSIDAD\TFG\Repositorio\java-bullshifier-master\proyectoExtenso\src\main\java\generated\aatqb\bvhzq\khvfl\qblof\xeunf\Class000251.java,generated.aatqb.bvhzq.khvfl.qblof.xeunf.Class000251,method002/1[helpers.Context],logger,3
D:\UNIVERSIDAD\TFG\Repositorio\java-bullshifier-master\proyectoExtenso\src\main\java\generated\aatqb\bvhzq\khvfl\qblof\xeunf\Class000251.java,generated.aatqb.bvhzq.khvfl.qblof.xeunf.Class000251,method008/1[helpers.Context],classId,1
D:\UNIVERSIDAD\TFG\Repositorio\java-bullshifier-master\proyectoExtenso\src\main\java\generated\aatqb\bvhzq\khvfl\qblof\xeunf\Class000251.java,generated.aatqb.bvhzq.khvfl.qblof.xeunf.Class000251,method008/1[helpers.Context],dateFormat,1
D:\UNIVERSIDAD\TFG\Repositorio\java-bullshifier-master\proyectoExtenso\src\main\java\generated\aatqb\bvhzq\khvfl\qblof\xeunf\Class000251.java,generated.aatqb.bvhzq.khvfl.qblof.xeunf.Class000251,method008/1[helpers.Context],logger,3
D:\UNIVERSIDAD\TFG\Repositorio\java-bullshifier-master\proyectoExtenso\src\main\java\generated\aawix\xondn\sxvyk\oumcb\wzybk\Class000596.java,generated.aawix.xondn.sxvyk.oumcb.wzybk.Class000596,method005/1[helpers.Context],classId,1
D:\UNIVERSIDAD\TFG\Repositorio\java-bullshifier-master\proyectoExtenso\src\main\java\generated\aawix\xondn\sxvyk\oumcb\wzybk\Class000596.java,generated.aawix.xondn.sxvyk.oumcb.wzybk.Class000596,method005/1[helpers.Context],dateFormat,1
D:\UNIVERSIDAD\TFG\Repositorio\java-bullshifier-master\proyectoExtenso\src\main\java\generated\aawix\xondn\sxvyk\oumcb\wzybk\Class000596.java,generated.aawix.xondn.sxvyk.oumcb.wzybk.Class000596,method005/1[helpers.Context],logger,3
D:\UNIVERSIDAD\TFG\Repositorio\java-bullshifier-master\proyectoExtenso\src\main\java\generated\aawix\xondn\sxvyk\oumcb\wzybk\Class000596.java,generated.aawix.xondn.sxvyk.oumcb.wzybk.Class000596,method006/1[helpers.Context],classId,1
D:\UNIVERSIDAD\TFG\Repositorio\java-bullshifier-master\proyectoExtenso\src\main\java\generated\aawix\xondn\sxvyk\oumcb\wzybk\Class000596.java,generated.aawix.xondn.sxvyk.oumcb.wzybk.Class000596,method006/1[helpers.Context],dateFormat,1
D:\UNIVERSIDAD\TFG\Repositorio\java-bullshifier-master\proyectoExtenso\src\main\java\generated\aawix\xondn\sxvyk\oumcb\wzybk\Class000596.java,generated.aawix.xondn.sxvyk.oumcb.wzybk.Class000596,method006/1[helpers.Context],logger,3
D:\UNIVERSIDAD\TFG\Repositorio\java-bullshifier-master\proyectoExtenso\src\main\java\generated\aawix\xondn\sxvyk\oumcb\wzybk\Class000596.java,generated.aawix.xondn.sxvyk.oumcb.wzybk.Class000596,method000/1[helpers.Context],classId,1
D:\UNIVERSIDAD\TFG\Repositorio\java-bullshifier-master\proyectoExtenso\src\main\java\generated\aawix\xondn\sxvyk\oumcb\wzybk\Class000596.java,generated.aawix.xondn.sxvyk.oumcb.wzybk.Class000596,method000/1[helpers.Context],dateFormat,1
D:\UNIVERSIDAD\TFG\Repositorio\java-bullshifier-master\proyectoExtenso\src\main\java\generated\aawix\xondn\sxvyk\oumcb\wzybk\Class000596.java,generated.aawix.xondn.sxvyk.oumcb.wzybk.Class000596,method000/1[helpers.Context],logger,3
D:\UNIVERSIDAD\TFG\Repositorio\java-bullshifier-master\proyectoExtenso\src\main\java\generated\aawix\xondn\sxvyk\oumcb\wzybk\Class000596.java,generated.aawix.xondn.sxvyk.oumcb.wzybk.Class000596,method003/1[helpers.Context],classId,1
D:\UNIVERSIDAD\TFG\Repositorio\java-bullshifier-master\proyectoExtenso\src\main\java\generated\aawix\xondn\sxvyk\oumcb\wzybk\Class000596.java,generated.aawix.xondn.sxvyk.oumcb.wzybk.Class000596,method003/1[helpers.Context],dateFormat,1
D:\UNIVERSIDAD\TFG\Repositorio\java-bullshifier-master\proyectoExtenso\src\main\java\generated\aawix\xondn\sxvyk\oumcb\wzybk\Class000596.java,generated.aawix.xondn.sxvyk.oumcb.wzybk.Class000596,method003/1[helpers.Context],logger,3
D:\UNIVERSIDAD\TFG\Repositorio\java-bullshifier-master\proyectoExtenso\src\main\java\generated\aawix\xondn\sxvyk\oumcb\wzybk\Class000596.java,generated.aawix.xondn.sxvyk.oumcb.wzybk.Class000596,method004/1[helpers.Context],classId,1
D:\UNIVERSIDAD\TFG\Repositorio\java-bullshifier-master\proyectoExtenso\src\main\java\generated\aawix\xondn\sxvyk\oumcb\wzybk\Class000596.java,generated.aawix.xondn.sxvyk.oumcb.wzybk.Class000596,method004/1[helpers.Context],dateFormat,1
D:\UNIVERSIDAD\TFG\Repositorio\java-bullshifier-master\proyectoExtenso\src\main\java\generated\aawix\xondn\sxvyk\oumcb\wzybk\Class000596.java,generated.aawix.xondn.sxvyk.oumcb.wzybk.Class000596,method004/1[helpers.Context],logger,3
D:\UNIVERSIDAD\TFG\Repositorio\java-bullshifier-master\proyectoExtenso\src\main\java\generated\aawix\xondn\sxvyk\oumcb\wzybk\Class000596.java,generated.aawix.xondn.sxvyk.oumcb.wzybk.Class000596,method008/1[helpers.Context],classId,1
D:\UNIVERSIDAD\TFG\Repositorio\java-bullshifier-master\proyectoExtenso\src\main\java\generated\aawix\xondn\sxvyk\oumcb\wzybk\Class000596.java,generated.aawix.xondn.sxvyk.oumcb.wzybk.Class000596,method008/1[helpers.Context],dateFormat,1
D:\UNIVERSIDAD\TFG\Repositorio\java-bullshifier-master\proyectoExtenso\src\main\java\generated\aawix\xondn\sxvyk\oumcb\wzybk\Class000596.java,generated.aawix.xondn.sxvyk.oumcb.wzybk.Class000596,method008/1[helpers.Context],logger,3
D:\UNIVERSIDAD\TFG\Repositorio\java-bullshifier-master\proyectoExtenso\src\main\java\generated\aawix\xondn\sxvyk\oumcb\wzybk\Class000596.java,generated.aawix.xondn.sxvyk.oumcb.wzybk.Class000596,method001/1[helpers.Context],classId,1
D:\UNIVERSIDAD\TFG\Repositorio\java-bullshifier-master\proyectoExtenso\src\main\java\generated\aawix\xondn\sxvyk\oumcb\wzybk\Class000596.java,generated.aawix.xondn.sxvyk.oumcb.wzybk.Class000596,method001/1[helpers.Context],dateFormat,1
D:\UNIVERSIDAD\TFG\Repositorio\java-bullshifier-master\proyectoExtenso\src\main\java\generated\aawix\xondn\sxvyk\oumcb\wzybk\Class000596.java,generated.aawix.xondn.sxvyk.oumcb.wzybk.Class000596,method001/1[helpers.Context],logger,3
D:\UNIVERSIDAD\TFG\Repositorio\java-bullshifier-master\proyectoExtenso\src\main\java\generated\aawix\xondn\sxvyk\oumcb\wzybk\Class000596.java,generated.aawix.xondn.sxvyk.oumcb.wzybk.Class000596,method009/1[helpers.Context],classId,1
D:\UNIVERSIDAD\TFG\Repositorio\java-bullshifier-master\proyectoExtenso\src\main\java\generated\aawix\xondn\sxvyk\oumcb\wzybk\Class000596.java,generated.aawix.xondn.sxvyk.oumcb.wzybk.Class000596,method009/1[helpers.Context],dateFormat,1
D:\UNIVERSIDAD\TFG\Repositorio\java-bullshifier-master\proyectoExtenso\src\main\java\generated\aawix\xondn\sxvyk\oumcb\wzybk\Class000596.java,generated.aawix.xondn.sxvyk.oumcb.wzybk.Class000596,method009/1[helpers.Context],logger,3
D:\UNIVERSIDAD\TFG\Repositorio\java-bullshifier-master\proyectoExtenso\src\main\java\generated\aawix\xondn\sxvyk\oumcb\wzybk\Class000596.java,generated.aawix.xondn.sxvyk.oumcb.wzybk.Class000596,method002/1[helpers.Context],classId,1
D:\UNIVERSIDAD\TFG\Repositorio\java-bullshifier-master\proyectoExtenso\src\main\java\generated\aawix\xondn\sxvyk\oumcb\wzybk\Class000596.java,generated.aawix.xondn.sxvyk.oumcb.wzybk.Class000596,method002/1[helpers.Context],dateFormat,1
D:\UNIVERSIDAD\TFG\Repositorio\java-bullshifier-master\proyectoExtenso\src\main\java\generated\aawix\xondn\sxvyk\oumcb\wzybk\Class000596.java,generated.aawix.xondn.sxvyk.oumcb.wzybk.Class000596,method002/1[helpers.Context],logger,3
D:\UNIVERSIDAD\TFG\Repositorio\java-bullshifier-master\proyectoExtenso\src\main\java\generated\aawix\xondn\sxvyk\oumcb\wzybk\Class000596.java,generated.aawix.xondn.sxvyk.oumcb.wzybk.Class000596,method007/1[helpers.Context],classId,1
D:\UNIVERSIDAD\TFG\Repositorio\java-bullshifier-master\proyectoExtenso\src\main\java\generated\aawix\xondn\sxvyk\oumcb\wzybk\Class000596.java,generated.aawix.xondn.sxvyk.oumcb.wzybk.Class000596,method007/1[helpers.Context],dateFormat,1
D:\UNIVERSIDAD\TFG\Repositorio\java-bullshifier-master\proyectoExtenso\src\main\java\generated\aawix\xondn\sxvyk\oumcb\wzybk\Class000596.java,generated.aawix.xondn.sxvyk.oumcb.wzybk.Class000596,method007/1[helpers.Context],logger,3
D:\UNIVERSIDAD\TFG\Repositorio\java-bullshifier-master\proyectoExtenso\src\main\java\generated\abefz\kibou\zriie\rssso\mfyyv\Class001140.java,generated.abefz.kibou.zriie.rssso.mfyyv.Class001140,method009/1[helpers.Context],classId,1
D:\UNIVERSIDAD\TFG\Repositorio\java-bullshifier-master\proyectoExtenso\src\main\java\generated\abefz\kibou\zriie\rssso\mfyyv\Class001140.java,generated.abefz.kibou.zriie.rssso.mfyyv.Class001140,method009/1[helpers.Context],dateFormat,1
D:\UNIVERSIDAD\TFG\Repositorio\java-bullshifier-master\proyectoExtenso\src\main\java\generated\abefz\kibou\zriie\rssso\mfyyv\Class001140.java,generated.abefz.kibou.zriie.rssso.mfyyv.Class001140,method009/1[helpers.Context],logger,3
D:\UNIVERSIDAD\TFG\Repositorio\java-bullshifier-master\proyectoExtenso\src\main\java\generated\abefz\kibou\zriie\rssso\mfyyv\Class001140.java,generated.abefz.kibou.zriie.rssso.mfyyv.Class001140,method005/1[helpers.Context],classId,1
D:\UNIVERSIDAD\TFG\Repositorio\java-bullshifier-master\proyectoExtenso\src\main\java\generated\abefz\kibou\zriie\rssso\mfyyv\Class001140.java,generated.abefz.kibou.zriie.rssso.mfyyv.Class001140,method005/1[helpers.Context],dateFormat,1
D:\UNIVERSIDAD\TFG\Repositorio\java-bullshifier-master\proyectoExtenso\src\main\java\generated\abefz\kibou\zriie\rssso\mfyyv\Class001140.java,generated.abefz.kibou.zriie.rssso.mfyyv.Class001140,method005/1[helpers.Context],logger,3
D:\UNIVERSIDAD\TFG\Repositorio\java-bullshifier-master\proyectoExtenso\src\main\java\generated\abefz\kibou\zriie\rssso\mfyyv\Class001140.java,generated.abefz.kibou.zriie.rssso.mfyyv.Class001140,method000/1[helpers.Context],classId,1
D:\UNIVERSIDAD\TFG\Repositorio\java-bullshifier-master\proyectoExtenso\src\main\java\generated\abefz\kibou\zriie\rssso\mfyyv\Class001140.java,generated.abefz.kibou.zriie.rssso.mfyyv.Class001140,method000/1[helpers.Context],dateFormat,1
D:\UNIVERSIDAD\TFG\Repositorio\java-bullshifier-master\proyectoExtenso\src\main\java\generated\abefz\kibou\zriie\rssso\mfyyv\Class001140.java,generated.abefz.kibou.zriie.rssso.mfyyv.Class001140,method000/1[helpers.Context],logger,3
D:\UNIVERSIDAD\TFG\Repositorio\java-bullshifier-master\proyectoExtenso\src\main\java\generated\abefz\kibou\zriie\rssso\mfyyv\Class001140.java,generated.abefz.kibou.zriie.rssso.mfyyv.Class001140,method004/1[helpers.Context],classId,1
D:\UNIVERSIDAD\TFG\Repositorio\java-bullshifier-master\proyectoExtenso\src\main\java\generated\abefz\kibou\zriie\rssso\mfyyv\Class001140.java,generated.abefz.kibou.zriie.rssso.mfyyv.Class001140,method004/1[helpers.Context],dateFormat,1
D:\UNIVERSIDAD\TFG\Repositorio\java-bullshifier-master\proyectoExtenso\src\main\java\generated\abefz\kibou\zriie\rssso\mfyyv\Class001140.java,generated.abefz.kibou.zriie.rssso.mfyyv.Class001140,method004/1[helpers.Context],logger,3
D:\UNIVERSIDAD\TFG\Repositorio\java-bullshifier-master\proyectoExtenso\src\main\java\generated\abefz\kibou\zriie\rssso\mfyyv\Class001140.java,generated.abefz.kibou.zriie.rssso.mfyyv.Class001140,method002/1[helpers.Context],classId,1
D:\UNIVERSIDAD\TFG\Repositorio\java-bullshifier-master\proyectoExtenso\src\main\java\generated\abefz\kibou\zriie\rssso\mfyyv\Class001140.java,generated.abefz.kibou.zriie.rssso.mfyyv.Class001140,method002/1[helpers.Context],dateFormat,1
D:\UNIVERSIDAD\TFG\Repositorio\java-bullshifier-master\proyectoExtenso\src\main\java\generated\abefz\kibou\zriie\rssso\mfyyv\Class001140.java,generated.abefz.kibou.zriie.rssso.mfyyv.Class001140,method002/1[helpers.Context],logger,3
D:\UNIVERSIDAD\TFG\Repositorio\java-bullshifier-master\proyectoExtenso\src\main\java\generated\abefz\kibou\zriie\rssso\mfyyv\Class001140.java,generated.abefz.kibou.zriie.rssso.mfyyv.Class001140,method008/1[helpers.Context],classId,1
D:\UNIVERSIDAD\TFG\Repositorio\java-bullshifier-master\proyectoExtenso\src\main\java\generated\abefz\kibou\zriie\rssso\mfyyv\Class001140.java,generated.abefz.kibou.zriie.rssso.mfyyv.Class001140,method008/1[helpers.Context],dateFormat,1
D:\UNIVERSIDAD\TFG\Repositorio\java-bullshifier-master\proyectoExtenso\src\main\java\generated\abefz\kibou\zriie\rssso\mfyyv\Class001140.java,generated.abefz.kibou.zriie.rssso.mfyyv.Class001140,method008/1[helpers.Context],logger,3
D:\UNIVERSIDAD\TFG\Repositorio\java-bullshifier-master\proyectoExtenso\src\main\java\generated\abefz\kibou\zriie\rssso\mfyyv\Class001140.java,generated.abefz.kibou.zriie.rssso.mfyyv.Class001140,method001/1[helpers.Context],classId,1
D:\UNIVERSIDAD\TFG\Repositorio\java-bullshifier-master\proyectoExtenso\src\main\java\generated\abefz\kibou\zriie\rssso\mfyyv\Class001140.java,generated.abefz.kibou.zriie.rssso.mfyyv.Class001140,method001/1[helpers.Context],dateFormat,1
D:\UNIVERSIDAD\TFG\Repositorio\java-bullshifier-master\proyectoExtenso\src\main\java\generated\abefz\kibou\zriie\rssso\mfyyv\Class001140.java,generated.abefz.kibou.zriie.rssso.mfyyv.Class001140,method001/1[helpers.Context],logger,3
D:\UNIVERSIDAD\TFG\Repositorio\java-bullshifier-master\proyectoExtenso\src\main\java\generated\abefz\kibou\zriie\rssso\mfyyv\Class001140.java,generated.abefz.kibou.zriie.rssso.mfyyv.Class001140,method007/1[helpers.Context],classId,1
D:\UNIVERSIDAD\TFG\Repositorio\java-bullshifier-master\proyectoExtenso\src\main\java\generated\abefz\kibou\zriie\rssso\mfyyv\Class001140.java,generated.abefz.kibou.zriie.rssso.mfyyv.Class001140,method007/1[helpers.Context],dateFormat,1
D:\UNIVERSIDAD\TFG\Repositorio\java-bullshifier-master\proyectoExtenso\src\main\java\generated\abefz\kibou\zriie\rssso\mfyyv\Class001140.java,generated.abefz.kibou.zriie.rssso.mfyyv.Class001140,method007/1[helpers.Context],logger,3
D:\UNIVERSIDAD\TFG\Repositorio\java-bullshifier-master\proyectoExtenso\src\main\java\generated\abefz\kibou\zriie\rssso\mfyyv\Class001140.java,generated.abefz.kibou.zriie.rssso.mfyyv.Class001140,method003/1[helpers.Context],classId,1
D:\UNIVERSIDAD\TFG\Repositorio\java-bullshifier-master\proyectoExtenso\src\main\java\generated\abefz\kibou\zriie\rssso\mfyyv\Class001140.java,generated.abefz.kibou.zriie.rssso.mfyyv.Class001140,method003/1[helpers.Context],dateFormat,1
D:\UNIVERSIDAD\TFG\Repositorio\java-bullshifier-master\proyectoExtenso\src\main\java\generated\abefz\kibou\zriie\rssso\mfyyv\Class001140.java,generated.abefz.kibou.zriie.rssso.mfyyv.Class001140,method003/1[helpers.Context],logger,3
D:\UNIVERSIDAD\TFG\Repositorio\java-bullshifier-master\proyectoExtenso\src\main\java\generated\abefz\kibou\zriie\rssso\mfyyv\Class001140.java,generated.abefz.kibou.zriie.rssso.mfyyv.Class001140,method006/1[helpers.Context],classId,1
D:\UNIVERSIDAD\TFG\Repositorio\java-bullshifier-master\proyectoExtenso\src\main\java\generated\abefz\kibou\zriie\rssso\mfyyv\Class001140.java,generated.abefz.kibou.zriie.rssso.mfyyv.Class001140,method006/1[helpers.Context],dateFormat,1
D:\UNIVERSIDAD\TFG\Repositorio\java-bullshifier-master\proyectoExtenso\src\main\java\generated\abefz\kibou\zriie\rssso\mfyyv\Class001140.java,generated.abefz.kibou.zriie.rssso.mfyyv.Class001140,method006/1[helpers.Context],logger,3
D:\UNIVERSIDAD\TFG\Repositorio\java-bullshifier-master\proyectoExtenso\src\main\java\generated\abnhh\otghm\wvkjx\yxpnk\nsnkz\Class001600.java,generated.abnhh.otghm.wvkjx.yxpnk.nsnkz.Class001600,method005/1[helpers.Context],classId,1
D:\UNIVERSIDAD\TFG\Repositorio\java-bullshifier-master\proyectoExtenso\src\main\java\generated\abnhh\otghm\wvkjx\yxpnk\nsnkz\Class001600.java,generated.abnhh.otghm.wvkjx.yxpnk.nsnkz.Class001600,method005/1[helpers.Context],dateFormat,1
D:\UNIVERSIDAD\TFG\Repositorio\java-bullshifier-master\proyectoExtenso\src\main\java\generated\abnhh\otghm\wvkjx\yxpnk\nsnkz\Class001600.java,generated.abnhh.otghm.wvkjx.yxpnk.nsnkz.Class001600,method005/1[helpers.Context],logger,3
D:\UNIVERSIDAD\TFG\Repositorio\java-bullshifier-master\proyectoExtenso\src\main\java\generated\abnhh\otghm\wvkjx\yxpnk\nsnkz\Class001600.java,generated.abnhh.otghm.wvkjx.yxpnk.nsnkz.Class001600,method009/1[helpers.Context],classId,1
D:\UNIVERSIDAD\TFG\Repositorio\java-bullshifier-master\proyectoExtenso\src\main\java\generated\abnhh\otghm\wvkjx\yxpnk\nsnkz\Class001600.java,generated.abnhh.otghm.wvkjx.yxpnk.nsnkz.Class001600,method009/1[helpers.Context],dateFormat,1
D:\UNIVERSIDAD\TFG\Repositorio\java-bullshifier-master\proyectoExtenso\src\main\java\generated\abnhh\otghm\wvkjx\yxpnk\nsnkz\Class001600.java,generated.abnhh.otghm.wvkjx.yxpnk.nsnkz.Class001600,method009/1[helpers.Context],logger,3
D:\UNIVERSIDAD\TFG\Repositorio\java-bullshifier-master\proyectoExtenso\src\main\java\generated\abnhh\otghm\wvkjx\yxpnk\nsnkz\Class001600.java,generated.abnhh.otghm.wvkjx.yxpnk.nsnkz.Class001600,method000/1[helpers.Context],classId,1
D:\UNIVERSIDAD\TFG\Repositorio\java-bullshifier-master\proyectoExtenso\src\main\java\generated\abnhh\otghm\wvkjx\yxpnk\nsnkz\Class001600.java,generated.abnhh.otghm.wvkjx.yxpnk.nsnkz.Class001600,method000/1[helpers.Context],dateFormat,1
D:\UNIVERSIDAD\TFG\Repositorio\java-bullshifier-master\proyectoExtenso\src\main\java\generated\abnhh\otghm\wvkjx\yxpnk\nsnkz\Class001600.java,generated.abnhh.otghm.wvkjx.yxpnk.nsnkz.Class001600,method000/1[helpers.Context],logger,3
D:\UNIVERSIDAD\TFG\Repositorio\java-bullshifier-master\proyectoExtenso\src\main\java\generated\abnhh\otghm\wvkjx\yxpnk\nsnkz\Class001600.java,generated.abnhh.otghm.wvkjx.yxpnk.nsnkz.Class001600,method003/1[helpers.Context],classId,1
D:\UNIVERSIDAD\TFG\Repositorio\java-bullshifier-master\proyectoExtenso\src\main\java\generated\abnhh\otghm\wvkjx\yxpnk\nsnkz\Class001600.java,generated.abnhh.otghm.wvkjx.yxpnk.nsnkz.Class001600,method003/1[helpers.Context],dateFormat,1
D:\UNIVERSIDAD\TFG\Repositorio\java-bullshifier-master\proyectoExtenso\src\main\java\generated\abnhh\otghm\wvkjx\yxpnk\nsnkz\Class001600.java,generated.abnhh.otghm.wvkjx.yxpnk.nsnkz.Class001600,method003/1[helpers.Context],logger,3
D:\UNIVERSIDAD\TFG\Repositorio\java-bullshifier-master\proyectoExtenso\src\main\java\generated\abnhh\otghm\wvkjx\yxpnk\nsnkz\Class001600.java,generated.abnhh.otghm.wvkjx.yxpnk.nsnkz.Class001600,method004/1[helpers.Context],classId,1
D:\UNIVERSIDAD\TFG\Repositorio\java-bullshifier-master\proyectoExtenso\src\main\java\generated\abnhh\otghm\wvkjx\yxpnk\nsnkz\Class001600.java,generated.abnhh.otghm.wvkjx.yxpnk.nsnkz.Class001600,method004/1[helpers.Context],dateFormat,1
D:\UNIVERSIDAD\TFG\Repositorio\java-bullshifier-master\proyectoExtenso\src\main\java\generated\abnhh\otghm\wvkjx\yxpnk\nsnkz\Class001600.java,generated.abnhh.otghm.wvkjx.yxpnk.nsnkz.Class001600,method004/1[helpers.Context],logger,3
D:\UNIVERSIDAD\TFG\Repositorio\java-bullshifier-master\proyectoExtenso\src\main\java\generated\abnhh\otghm\wvkjx\yxpnk\nsnkz\Class001600.java,generated.abnhh.otghm.wvkjx.yxpnk.nsnkz.Class001600,method007/1[helpers.Context],classId,1
D:\UNIVERSIDAD\TFG\Repositorio\java-bullshifier-master\proyectoExtenso\src\main\java\generated\abnhh\otghm\wvkjx\yxpnk\nsnkz\Class001600.java,generated.abnhh.otghm.wvkjx.yxpnk.nsnkz.Class001600,method007/1[helpers.Context],dateFormat,1
D:\UNIVERSIDAD\TFG\Repositorio\java-bullshifier-master\proyectoExtenso\src\main\java\generated\abnhh\otghm\wvkjx\yxpnk\nsnkz\Class001600.java,generated.abnhh.otghm.wvkjx.yxpnk.nsnkz.Class001600,method007/1[helpers.Context],logger,3
D:\UNIVERSIDAD\TFG\Repositorio\java-bullshifier-master\proyectoExtenso\src\main\java\generated\abnhh\otghm\wvkjx\yxpnk\nsnkz\Class001600.java,generated.abnhh.otghm.wvkjx.yxpnk.nsnkz.Class001600,method001/1[helpers.Context],classId,1
D:\UNIVERSIDAD\TFG\Repositorio\java-bullshifier-master\proyectoExtenso\src\main\java\generated\abnhh\otghm\wvkjx\yxpnk\nsnkz\Class001600.java,generated.abnhh.otghm.wvkjx.yxpnk.nsnkz.Class001600,method001/1[helpers.Context],dateFormat,1
D:\UNIVERSIDAD\TFG\Repositorio\java-bullshifier-master\proyectoExtenso\src\main\java\generated\abnhh\otghm\wvkjx\yxpnk\nsnkz\Class001600.java,generated.abnhh.otghm.wvkjx.yxpnk.nsnkz.Class001600,method001/1[helpers.Context],logger,3
D:\UNIVERSIDAD\TFG\Repositorio\java-bullshifier-master\proyectoExtenso\src\main\java\generated\abnhh\otghm\wvkjx\yxpnk\nsnkz\Class001600.java,generated.abnhh.otghm.wvkjx.yxpnk.nsnkz.Class001600,method008/1[helpers.Context],classId,1
D:\UNIVERSIDAD\TFG\Repositorio\java-bullshifier-master\proyectoExtenso\src\main\java\generated\abnhh\otghm\wvkjx\yxpnk\nsnkz\Class001600.java,generated.abnhh.otghm.wvkjx.yxpnk.nsnkz.Class001600,method008/1[helpers.Context],dateFormat,1
D:\UNIVERSIDAD\TFG\Repositorio\java-bullshifier-master\proyectoExtenso\src\main\java\generated\abnhh\otghm\wvkjx\yxpnk\nsnkz\Class001600.java,generated.abnhh.otghm.wvkjx.yxpnk.nsnkz.Class001600,method008/1[helpers.Context],logger,3
D:\UNIVERSIDAD\TFG\Repositorio\java-bullshifier-master\proyectoExtenso\src\main\java\generated\abnhh\otghm\wvkjx\yxpnk\nsnkz\Class001600.java,generated.abnhh.otghm.wvkjx.yxpnk.nsnkz.Class001600,method006/1[helpers.Context],classId,1
D:\UNIVERSIDAD\TFG\Repositorio\java-bullshifier-master\proyectoExtenso\src\main\java\generated\abnhh\otghm\wvkjx\yxpnk\nsnkz\Class001600.java,generated.abnhh.otghm.wvkjx.yxpnk.nsnkz.Class001600,method006/1[helpers.Context],dateFormat,1
D:\UNIVERSIDAD\TFG\Repositorio\java-bullshifier-master\proyectoExtenso\src\main\java\generated\abnhh\otghm\wvkjx\yxpnk\nsnkz\Class001600.java,generated.abnhh.otghm.wvkjx.yxpnk.nsnkz.Class001600,method006/1[helpers.Context],logger,3
D:\UNIVERSIDAD\TFG\Repositorio\java-bullshifier-master\proyectoExtenso\src\main\java\generated\abnhh\otghm\wvkjx\yxpnk\nsnkz\Class001600.java,generated.abnhh.otghm.wvkjx.yxpnk.nsnkz.Class001600,method002/1[helpers.Context],classId,1
D:\UNIVERSIDAD\TFG\Repositorio\java-bullshifier-master\proyectoExtenso\src\main\java\generated\abnhh\otghm\wvkjx\yxpnk\nsnkz\Class001600.java,generated.abnhh.otghm.wvkjx.yxpnk.nsnkz.Class001600,method002/1[helpers.Context],dateFormat,1
D:\UNIVERSIDAD\TFG\Repositorio\java-bullshifier-master\proyectoExtenso\src\main\java\generated\abnhh\otghm\wvkjx\yxpnk\nsnkz\Class001600.java,generated.abnhh.otghm.wvkjx.yxpnk.nsnkz.Class001600,method002/1[helpers.Context],logger,3
D:\UNIVERSIDAD\TFG\Repositorio\java-bullshifier-master\proyectoExtenso\src\main\java\generated\addzw\espmo\awuxq\hucab\nqwdq\Class001588.java,generated.addzw.espmo.awuxq.hucab.nqwdq.Class001588,method009/1[helpers.Context],classId,1
D:\UNIVERSIDAD\TFG\Repositorio\java-bullshifier-master\proyectoExtenso\src\main\java\generated\addzw\espmo\awuxq\hucab\nqwdq\Class001588.java,generated.addzw.espmo.awuxq.hucab.nqwdq.Class001588,method009/1[helpers.Context],dateFormat,1
D:\UNIVERSIDAD\TFG\Repositorio\java-bullshifier-master\proyectoExtenso\src\main\java\generated\addzw\espmo\awuxq\hucab\nqwdq\Class001588.java,generated.addzw.espmo.awuxq.hucab.nqwdq.Class001588,method009/1[helpers.Context],logger,3
D:\UNIVERSIDAD\TFG\Repositorio\java-bullshifier-master\proyectoExtenso\src\main\java\generated\addzw\espmo\awuxq\hucab\nqwdq\Class001588.java,generated.addzw.espmo.awuxq.hucab.nqwdq.Class001588,method003/1[helpers.Context],classId,1
D:\UNIVERSIDAD\TFG\Repositorio\java-bullshifier-master\proyectoExtenso\src\main\java\generated\addzw\espmo\awuxq\hucab\nqwdq\Class001588.java,generated.addzw.espmo.awuxq.hucab.nqwdq.Class001588,method003/1[helpers.Context],dateFormat,1
D:\UNIVERSIDAD\TFG\Repositorio\java-bullshifier-master\proyectoExtenso\src\main\java\generated\addzw\espmo\awuxq\hucab\nqwdq\Class001588.java,generated.addzw.espmo.awuxq.hucab.nqwdq.Class001588,method003/1[helpers.Context],logger,3
D:\UNIVERSIDAD\TFG\Repositorio\java-bullshifier-master\proyectoExtenso\src\main\java\generated\addzw\espmo\awuxq\hucab\nqwdq\Class001588.java,generated.addzw.espmo.awuxq.hucab.nqwdq.Class001588,method000/1[helpers.Context],classId,1
D:\UNIVERSIDAD\TFG\Repositorio\java-bullshifier-master\proyectoExtenso\src\main\java\generated\addzw\espmo\awuxq\hucab\nqwdq\Class001588.java,generated.addzw.espmo.awuxq.hucab.nqwdq.Class001588,method000/1[helpers.Context],dateFormat,1
D:\UNIVERSIDAD\TFG\Repositorio\java-bullshifier-master\proyectoExtenso\src\main\java\generated\addzw\espmo\awuxq\hucab\nqwdq\Class001588.java,generated.addzw.espmo.awuxq.hucab.nqwdq.Class001588,method000/1[helpers.Context],logger,3
D:\UNIVERSIDAD\TFG\Repositorio\java-bullshifier-master\proyectoExtenso\src\main\java\generated\addzw\espmo\awuxq\hucab\nqwdq\Class001588.java,generated.addzw.espmo.awuxq.hucab.nqwdq.Class001588,method005/1[helpers.Context],classId,1
D:\UNIVERSIDAD\TFG\Repositorio\java-bullshifier-master\proyectoExtenso\src\main\java\generated\addzw\espmo\awuxq\hucab\nqwdq\Class001588.java,generated.addzw.espmo.awuxq.hucab.nqwdq.Class001588,method005/1[helpers.Context],dateFormat,1
D:\UNIVERSIDAD\TFG\Repositorio\java-bullshifier-master\proyectoExtenso\src\main\java\generated\addzw\espmo\awuxq\hucab\nqwdq\Class001588.java,generated.addzw.espmo.awuxq.hucab.nqwdq.Class001588,method005/1[helpers.Context],logger,3
D:\UNIVERSIDAD\TFG\Repositorio\java-bullshifier-master\proyectoExtenso\src\main\java\generated\addzw\espmo\awuxq\hucab\nqwdq\Class001588.java,generated.addzw.espmo.awuxq.hucab.nqwdq.Class001588,method007/1[helpers.Context],classId,1
D:\UNIVERSIDAD\TFG\Repositorio\java-bullshifier-master\proyectoExtenso\src\main\java\generated\addzw\espmo\awuxq\hucab\nqwdq\Class001588.java,generated.addzw.espmo.awuxq.hucab.nqwdq.Class001588,method007/1[helpers.Context],dateFormat,1
D:\UNIVERSIDAD\TFG\Repositorio\java-bullshifier-master\proyectoExtenso\src\main\java\generated\addzw\espmo\awuxq\hucab\nqwdq\Class001588.java,generated.addzw.espmo.awuxq.hucab.nqwdq.Class001588,method007/1[helpers.Context],logger,3
D:\UNIVERSIDAD\TFG\Repositorio\java-bullshifier-master\proyectoExtenso\src\main\java\generated\addzw\espmo\awuxq\hucab\nqwdq\Class001588.java,generated.addzw.espmo.awuxq.hucab.nqwdq.Class001588,method001/1[helpers.Context],classId,1
D:\UNIVERSIDAD\TFG\Repositorio\java-bullshifier-master\proyectoExtenso\src\main\java\generated\addzw\espmo\awuxq\hucab\nqwdq\Class001588.java,generated.addzw.espmo.awuxq.hucab.nqwdq.Class001588,method001/1[helpers.Context],dateFormat,1
D:\UNIVERSIDAD\TFG\Repositorio\java-bullshifier-master\proyectoExtenso\src\main\java\generated\addzw\espmo\awuxq\hucab\nqwdq\Class001588.java,generated.addzw.espmo.awuxq.hucab.nqwdq.Class001588,method001/1[helpers.Context],logger,3
D:\UNIVERSIDAD\TFG\Repositorio\java-bullshifier-master\proyectoExtenso\src\main\java\generated\addzw\espmo\awuxq\hucab\nqwdq\Class001588.java,generated.addzw.espmo.awuxq.hucab.nqwdq.Class001588,method004/1[helpers.Context],classId,1
D:\UNIVERSIDAD\TFG\Repositorio\java-bullshifier-master\proyectoExtenso\src\main\java\generated\addzw\espmo\awuxq\hucab\nqwdq\Class001588.java,generated.addzw.espmo.awuxq.hucab.nqwdq.Class001588,method004/1[helpers.Context],dateFormat,1
D:\UNIVERSIDAD\TFG\Repositorio\java-bullshifier-master\proyectoExtenso\src\main\java\generated\addzw\espmo\awuxq\hucab\nqwdq\Class001588.java,generated.addzw.espmo.awuxq.hucab.nqwdq.Class001588,method004/1[helpers.Context],logger,3
D:\UNIVERSIDAD\TFG\Repositorio\java-bullshifier-master\proyectoExtenso\src\main\java\generated\addzw\espmo\awuxq\hucab\nqwdq\Class001588.java,generated.addzw.espmo.awuxq.hucab.nqwdq.Class001588,method008/1[helpers.Context],classId,1
D:\UNIVERSIDAD\TFG\Repositorio\java-bullshifier-master\proyectoExtenso\src\main\java\generated\addzw\espmo\awuxq\hucab\nqwdq\Class001588.java,generated.addzw.espmo.awuxq.hucab.nqwdq.Class001588,method008/1[helpers.Context],dateFormat,1
D:\UNIVERSIDAD\TFG\Repositorio\java-bullshifier-master\proyectoExtenso\src\main\java\generated\addzw\espmo\awuxq\hucab\nqwdq\Class001588.java,generated.addzw.espmo.awuxq.hucab.nqwdq.Class001588,method008/1[helpers.Context],logger,3
D:\UNIVERSIDAD\TFG\Repositorio\java-bullshifier-master\proyectoExtenso\src\main\java\generated\addzw\espmo\awuxq\hucab\nqwdq\Class001588.java,generated.addzw.espmo.awuxq.hucab.nqwdq.Class001588,method002/1[helpers.Context],classId,1
D:\UNIVERSIDAD\TFG\Repositorio\java-bullshifier-master\proyectoExtenso\src\main\java\generated\addzw\espmo\awuxq\hucab\nqwdq\Class001588.java,generated.addzw.espmo.awuxq.hucab.nqwdq.Class001588,method002/1[helpers.Context],dateFormat,1
D:\UNIVERSIDAD\TFG\Repositorio\java-bullshifier-master\proyectoExtenso\src\main\java\generated\addzw\espmo\awuxq\hucab\nqwdq\Class001588.java,generated.addzw.espmo.awuxq.hucab.nqwdq.Class001588,method002/1[helpers.Context],logger,3
D:\UNIVERSIDAD\TFG\Repositorio\java-bullshifier-master\proyectoExtenso\src\main\java\generated\addzw\espmo\awuxq\hucab\nqwdq\Class001588.java,generated.addzw.espmo.awuxq.hucab.nqwdq.Class001588,method006/1[helpers.Context],classId,1
D:\UNIVERSIDAD\TFG\Repositorio\java-bullshifier-master\proyectoExtenso\src\main\java\generated\addzw\espmo\awuxq\hucab\nqwdq\Class001588.java,generated.addzw.espmo.awuxq.hucab.nqwdq.Class001588,method006/1[helpers.Context],dateFormat,1
D:\UNIVERSIDAD\TFG\Repositorio\java-bullshifier-master\proyectoExtenso\src\main\java\generated\addzw\espmo\awuxq\hucab\nqwdq\Class001588.java,generated.addzw.espmo.awuxq.hucab.nqwdq.Class001588,method006/1[helpers.Context],logger,3
D:\UNIVERSIDAD\TFG\Repositorio\java-bullshifier-master\proyectoExtenso\src\main\java\generated\adedj\plvtj\jnbcd\xgijt\wxkgo\Class000342.java,generated.adedj.plvtj.jnbcd.xgijt.wxkgo.Class000342,method002/1[helpers.Context],classId,1
D:\UNIVERSIDAD\TFG\Repositorio\java-bullshifier-master\proyectoExtenso\src\main\java\generated\adedj\plvtj\jnbcd\xgijt\wxkgo\Class000342.java,generated.adedj.plvtj.jnbcd.xgijt.wxkgo.Class000342,method002/1[helpers.Context],dateFormat,1
D:\UNIVERSIDAD\TFG\Repositorio\java-bullshifier-master\proyectoExtenso\src\main\java\generated\adedj\plvtj\jnbcd\xgijt\wxkgo\Class000342.java,generated.adedj.plvtj.jnbcd.xgijt.wxkgo.Class000342,method002/1[helpers.Context],logger,3
D:\UNIVERSIDAD\TFG\Repositorio\java-bullshifier-master\proyectoExtenso\src\main\java\generated\adedj\plvtj\jnbcd\xgijt\wxkgo\Class000342.java,generated.adedj.plvtj.jnbcd.xgijt.wxkgo.Class000342,method006/1[helpers.Context],classId,1
D:\UNIVERSIDAD\TFG\Repositorio\java-bullshifier-master\proyectoExtenso\src\main\java\generated\adedj\plvtj\jnbcd\xgijt\wxkgo\Class000342.java,generated.adedj.plvtj.jnbcd.xgijt.wxkgo.Class000342,method006/1[helpers.Context],dateFormat,1
D:\UNIVERSIDAD\TFG\Repositorio\java-bullshifier-master\proyectoExtenso\src\main\java\generated\adedj\plvtj\jnbcd\xgijt\wxkgo\Class000342.java,generated.adedj.plvtj.jnbcd.xgijt.wxkgo.Class000342,method006/1[helpers.Context],logger,3
D:\UNIVERSIDAD\TFG\Repositorio\java-bullshifier-master\proyectoExtenso\src\main\java\generated\adedj\plvtj\jnbcd\xgijt\wxkgo\Class000342.java,generated.adedj.plvtj.jnbcd.xgijt.wxkgo.Class000342,method003/1[helpers.Context],classId,1
D:\UNIVERSIDAD\TFG\Repositorio\java-bullshifier-master\proyectoExtenso\src\main\java\generated\adedj\plvtj\jnbcd\xgijt\wxkgo\Class000342.java,generated.adedj.plvtj.jnbcd.xgijt.wxkgo.Class000342,method003/1[helpers.Context],dateFormat,1
D:\UNIVERSIDAD\TFG\Repositorio\java-bullshifier-master\proyectoExtenso\src\main\java\generated\adedj\plvtj\jnbcd\xgijt\wxkgo\Class000342.java,generated.adedj.plvtj.jnbcd.xgijt.wxkgo.Class000342,method003/1[helpers.Context],logger,3
D:\UNIVERSIDAD\TFG\Repositorio\java-bullshifier-master\proyectoExtenso\src\main\java\generated\adedj\plvtj\jnbcd\xgijt\wxkgo\Class000342.java,generated.adedj.plvtj.jnbcd.xgijt.wxkgo.Class000342,method000/1[helpers.Context],classId,1
D:\UNIVERSIDAD\TFG\Repositorio\java-bullshifier-master\proyectoExtenso\src\main\java\generated\adedj\plvtj\jnbcd\xgijt\wxkgo\Class000342.java,generated.adedj.plvtj.jnbcd.xgijt.wxkgo.Class000342,method000/1[helpers.Context],dateFormat,1
D:\UNIVERSIDAD\TFG\Repositorio\java-bullshifier-master\proyectoExtenso\src\main\java\generated\adedj\plvtj\jnbcd\xgijt\wxkgo\Class000342.java,generated.adedj.plvtj.jnbcd.xgijt.wxkgo.Class000342,method000/1[helpers.Context],logger,3
D:\UNIVERSIDAD\TFG\Repositorio\java-bullshifier-master\proyectoExtenso\src\main\java\generated\adedj\plvtj\jnbcd\xgijt\wxkgo\Class000342.java,generated.adedj.plvtj.jnbcd.xgijt.wxkgo.Class000342,method005/1[helpers.Context],classId,1
D:\UNIVERSIDAD\TFG\Repositorio\java-bullshifier-master\proyectoExtenso\src\main\java\generated\adedj\plvtj\jnbcd\xgijt\wxkgo\Class000342.java,generated.adedj.plvtj.jnbcd.xgijt.wxkgo.Class000342,method005/1[helpers.Context],dateFormat,1
D:\UNIVERSIDAD\TFG\Repositorio\java-bullshifier-master\proyectoExtenso\src\main\java\generated\adedj\plvtj\jnbcd\xgijt\wxkgo\Class000342.java,generated.adedj.plvtj.jnbcd.xgijt.wxkgo.Class000342,method005/1[helpers.Context],logger,3
D:\UNIVERSIDAD\TFG\Repositorio\java-bullshifier-master\proyectoExtenso\src\main\java\generated\adedj\plvtj\jnbcd\xgijt\wxkgo\Class000342.java,generated.adedj.plvtj.jnbcd.xgijt.wxkgo.Class000342,method008/1[helpers.Context],classId,1
D:\UNIVERSIDAD\TFG\Repositorio\java-bullshifier-master\proyectoExtenso\src\main\java\generated\adedj\plvtj\jnbcd\xgijt\wxkgo\Class000342.java,generated.adedj.plvtj.jnbcd.xgijt.wxkgo.Class000342,method008/1[helpers.Context],dateFormat,1
D:\UNIVERSIDAD\TFG\Repositorio\java-bullshifier-master\proyectoExtenso\src\main\java\generated\adedj\plvtj\jnbcd\xgijt\wxkgo\Class000342.java,generated.adedj.plvtj.jnbcd.xgijt.wxkgo.Class000342,method008/1[helpers.Context],logger,3
D:\UNIVERSIDAD\TFG\Repositorio\java-bullshifier-master\proyectoExtenso\src\main\java\generated\adedj\plvtj\jnbcd\xgijt\wxkgo\Class000342.java,generated.adedj.plvtj.jnbcd.xgijt.wxkgo.Class000342,method001/1[helpers.Context],classId,1
D:\UNIVERSIDAD\TFG\Repositorio\java-bullshifier-master\proyectoExtenso\src\main\java\generated\adedj\plvtj\jnbcd\xgijt\wxkgo\Class000342.java,generated.adedj.plvtj.jnbcd.xgijt.wxkgo.Class000342,method001/1[helpers.Context],dateFormat,1
D:\UNIVERSIDAD\TFG\Repositorio\java-bullshifier-master\proyectoExtenso\src\main\java\generated\adedj\plvtj\jnbcd\xgijt\wxkgo\Class000342.java,generated.adedj.plvtj.jnbcd.xgijt.wxkgo.Class000342,method001/1[helpers.Context],logger,3
D:\UNIVERSIDAD\TFG\Repositorio\java-bullshifier-master\proyectoExtenso\src\main\java\generated\adedj\plvtj\jnbcd\xgijt\wxkgo\Class000342.java,generated.adedj.plvtj.jnbcd.xgijt.wxkgo.Class000342,method009/1[helpers.Context],classId,1
D:\UNIVERSIDAD\TFG\Repositorio\java-bullshifier-master\proyectoExtenso\src\main\java\generated\adedj\plvtj\jnbcd\xgijt\wxkgo\Class000342.java,generated.adedj.plvtj.jnbcd.xgijt.wxkgo.Class000342,method009/1[helpers.Context],dateFormat,1
D:\UNIVERSIDAD\TFG\Repositorio\java-bullshifier-master\proyectoExtenso\src\main\java\generated\adedj\plvtj\jnbcd\xgijt\wxkgo\Class000342.java,generated.adedj.plvtj.jnbcd.xgijt.wxkgo.Class000342,method009/1[helpers.Context],logger,3
D:\UNIVERSIDAD\TFG\Repositorio\java-bullshifier-master\proyectoExtenso\src\main\java\generated\adedj\plvtj\jnbcd\xgijt\wxkgo\Class000342.java,generated.adedj.plvtj.jnbcd.xgijt.wxkgo.Class000342,method004/1[helpers.Context],classId,1
D:\UNIVERSIDAD\TFG\Repositorio\java-bullshifier-master\proyectoExtenso\src\main\java\generated\adedj\plvtj\jnbcd\xgijt\wxkgo\Class000342.java,generated.adedj.plvtj.jnbcd.xgijt.wxkgo.Class000342,method004/1[helpers.Context],dateFormat,1
D:\UNIVERSIDAD\TFG\Repositorio\java-bullshifier-master\proyectoExtenso\src\main\java\generated\adedj\plvtj\jnbcd\xgijt\wxkgo\Class000342.java,generated.adedj.plvtj.jnbcd.xgijt.wxkgo.Class000342,method004/1[helpers.Context],logger,3
D:\UNIVERSIDAD\TFG\Repositorio\java-bullshifier-master\proyectoExtenso\src\main\java\generated\adedj\plvtj\jnbcd\xgijt\wxkgo\Class000342.java,generated.adedj.plvtj.jnbcd.xgijt.wxkgo.Class000342,method007/1[helpers.Context],classId,1
D:\UNIVERSIDAD\TFG\Repositorio\java-bullshifier-master\proyectoExtenso\src\main\java\generated\adedj\plvtj\jnbcd\xgijt\wxkgo\Class000342.java,generated.adedj.plvtj.jnbcd.xgijt.wxkgo.Class000342,method007/1[helpers.Context],dateFormat,1
D:\UNIVERSIDAD\TFG\Repositorio\java-bullshifier-master\proyectoExtenso\